City_ID,City,Country,Lat,Lng,Max Temp,Humidity,Cloudiness,Wind Speed,Current Description
0,Rapid Valley,US,44.0625,-103.1463,82.63,51,100,4.0,overcast clouds
1,Makhachkala,RU,42.9764,47.5024,80.58,68,0,15.73,clear sky
2,Rikitea,PF,-23.1203,-134.9692,72.81,78,13,17.4,light rain
3,Imbituba,BR,-28.24,-48.6703,71.85,83,100,18.99,overcast clouds
4,Zelenets,RU,61.8849,50.7489,57.45,59,18,2.71,few clouds
5,Ushuaia,AR,-54.8,-68.3,37.06,87,100,19.57,light rain
6,Hualmay,PE,-11.0964,-77.6139,66.18,71,32,10.31,scattered clouds
7,Comodoro Rivadavia,AR,-45.8667,-67.5,53.46,35,0,31.07,clear sky
8,Kodiak,US,57.79,-152.4072,52.14,94,97,1.5,overcast clouds
9,Hall,US,34.3168,-83.7832,84.74,53,88,5.35,overcast clouds
10,Airai,TL,-8.9266,125.4092,55.45,87,39,3.53,scattered clouds
11,Bluff,NZ,-46.6,168.3333,43.5,85,98,6.53,overcast clouds
12,Nyimba,ZM,-14.5566,30.8149,74.77,26,8,2.8,clear sky
13,Kapaa,US,22.0752,-159.319,75.18,87,27,3.0,scattered clouds
14,Yellowknife,CA,62.456,-114.3525,68.56,56,0,12.66,clear sky
15,Hayden,US,47.766,-116.7866,74.79,48,0,9.22,clear sky
16,Ponta Do Sol,PT,32.6667,-17.1,79.72,72,4,2.17,clear sky
17,Coihaique,CL,-45.5752,-72.0662,35.55,80,100,6.91,heavy snow
18,Goderich,CA,43.7501,-81.7165,76.91,43,6,6.91,clear sky
19,Port Elizabeth,ZA,-33.918,25.5701,53.1,87,40,31.07,shower rain
20,Fereydunshahr,IR,32.941,50.121,69.53,14,0,5.06,clear sky
21,Komsomolskiy,UZ,40.4272,71.7189,86.72,28,0,4.61,clear sky
22,Punta Arenas,CL,-53.15,-70.9167,39.31,81,75,13.8,broken clouds
23,Talas,TR,38.6908,35.5538,84.87,25,20,3.44,few clouds
24,Khilok,RU,51.3674,110.4676,55.83,75,84,2.91,broken clouds
25,Ouesso,CG,1.6136,16.0517,80.96,56,90,2.08,overcast clouds
26,Tshikapa,CD,-6.4167,20.8,86.86,18,50,2.62,scattered clouds
27,Vestmannaeyjar,IS,63.4427,-20.2734,54.59,76,0,16.11,clear sky
28,Iqaluit,CA,63.7506,-68.5145,44.33,86,100,8.05,light rain
29,Port Alfred,ZA,-33.5906,26.891,55.71,68,43,36.82,light rain
30,Albany,US,42.6001,-73.9662,80.62,41,0,1.99,clear sky
31,Yulara,AU,-25.2406,130.9889,46.24,53,0,0.0,clear sky
32,Chuy,UY,-33.6971,-53.4616,67.05,69,6,11.54,clear sky
33,Fukue,JP,32.6881,128.8419,83.3,86,88,14.41,overcast clouds
34,Morondava,MG,-20.2833,44.2833,74.17,75,0,8.88,clear sky
35,Zaragoza,ES,41.6561,-0.8773,98.85,16,0,12.66,clear sky
36,Bakel,SN,14.905,-12.4568,93.43,46,19,6.64,few clouds
37,Sao Filipe,CV,14.8961,-24.4956,77.43,78,76,9.1,broken clouds
38,Divo,CI,5.8397,-5.36,77.43,79,95,6.35,light rain
39,Lorengau,PG,-2.0226,147.2712,80.31,68,91,5.57,overcast clouds
40,Hilo,US,19.7297,-155.09,77.29,83,45,1.99,scattered clouds
41,Rawson,AR,-43.3002,-65.1023,56.97,29,99,27.34,overcast clouds
42,Biabas,PH,9.8,124.4667,77.5,88,100,13.13,light rain
43,Saravan,AM,39.7196,45.6483,70.11,43,0,8.75,clear sky
44,Tuktoyaktuk,CA,69.4541,-133.0374,42.8,93,100,16.11,light rain
45,Bredasdorp,ZA,-34.5322,20.0403,45.3,75,53,3.91,broken clouds
46,Elizabeth City,US,36.2946,-76.2511,82.06,62,67,8.66,broken clouds
47,Yumen,CN,40.2833,97.2,74.35,25,1,6.89,clear sky
48,Hermanus,ZA,-34.4187,19.2345,48.79,60,82,7.47,broken clouds
49,North Platte,US,41.1239,-100.7654,93.81,23,11,11.41,few clouds
50,Busselton,AU,-33.65,115.3333,54.72,75,74,9.53,broken clouds
51,San Juan,AR,-31.5375,-68.5364,74.25,14,7,11.56,clear sky
52,Faanui,PF,-16.4833,-151.75,78.69,74,4,17.76,clear sky
53,Mumford,GH,5.2618,-0.759,74.32,86,100,20.83,overcast clouds
54,Naliya,IN,23.2667,68.8333,80.06,88,77,20.92,broken clouds
55,Alubijid,PH,8.5733,124.4736,73.89,92,100,3.33,overcast clouds
56,Husavik,IS,66.0449,-17.3389,46.02,85,93,12.95,overcast clouds
57,Aksu,CN,41.1231,80.2644,83.97,34,63,5.82,broken clouds
58,Carutapera,BR,-1.195,-46.02,85.35,60,27,9.93,scattered clouds
59,Fare,PF,-16.7,-151.0167,78.22,74,10,16.08,clear sky
60,Khatanga,RU,71.9667,102.5,51.03,58,21,5.68,few clouds
61,Pevek,RU,69.7008,170.3133,32.18,87,95,8.81,overcast clouds
62,Cape Town,ZA,-33.9258,18.4232,54.01,61,20,13.8,few clouds
63,Hobart,AU,-42.8794,147.3294,52.27,91,100,6.91,overcast clouds
64,Puerto Ayora,EC,-0.7393,-90.3518,76.96,87,99,8.99,overcast clouds
65,Ibra,OM,22.6906,58.5334,83.55,56,91,10.83,overcast clouds
66,Mar Del Plata,AR,-38.0023,-57.5575,60.82,82,40,5.75,scattered clouds
67,Cidreira,BR,-30.1811,-50.2056,65.25,77,29,12.12,scattered clouds
68,Celestun,MX,20.8667,-90.4,87.46,59,53,2.19,broken clouds
69,Nikolskoye,RU,59.7035,30.7861,73.29,58,8,5.46,clear sky
70,Nanortalik,GL,60.1432,-45.2371,45.16,96,99,10.67,overcast clouds
71,Portland,US,45.5234,-122.6762,72.05,76,75,3.0,broken clouds
72,Ust-Karsk,RU,52.7011,118.8077,57.09,77,37,2.33,scattered clouds
73,Hasaki,JP,35.7333,140.8333,77.29,87,26,6.53,scattered clouds
74,Homer,US,59.6425,-151.5483,54.77,94,99,3.0,overcast clouds
75,Lincoln,US,40.8,-96.667,85.14,68,63,5.01,broken clouds
76,Loralai,PK,30.3705,68.598,70.54,80,100,3.27,overcast clouds
77,Dubbo,AU,-32.25,148.6167,46.53,93,100,3.44,overcast clouds
78,Tasiilaq,GL,65.6145,-37.6368,40.51,69,68,4.79,broken clouds
79,Coquimbo,CL,-29.9533,-71.3436,56.93,76,40,6.91,scattered clouds
80,Brae,GB,60.3964,-1.353,60.8,81,100,10.04,overcast clouds
81,Hambantota,LK,6.1241,81.1185,78.91,83,80,14.94,broken clouds
82,Bereda,ES,43.2686,-7.5406,82.42,53,76,8.21,broken clouds
83,Pedernales,DO,18.0384,-71.744,84.61,66,88,8.03,overcast clouds
84,San Patricio,US,28.017,-97.5169,78.69,87,100,12.97,heavy intensity rain
85,Leningradskiy,RU,69.3833,178.4167,32.52,86,75,1.25,broken clouds
86,Qaanaaq,GL,77.484,-69.3632,43.3,63,100,9.42,overcast clouds
87,Atuona,PF,-9.8,-139.0333,77.16,74,25,22.79,light rain
88,Kaeo,NZ,-35.1,173.7833,48.33,95,100,4.16,overcast clouds
89,Pasighat,IN,28.0667,95.3333,78.24,91,6,3.49,clear sky
90,Pangnirtung,CA,66.1451,-65.7125,48.2,87,75,11.5,broken clouds
91,Kutum,SD,14.2,24.6667,81.25,51,78,8.32,light rain
92,Jadu,LY,31.953,12.0261,96.1,15,0,13.69,clear sky
93,Vaini,TO,-21.2,-175.2,69.96,83,20,11.5,few clouds
94,Hervey Bay,AU,-25.2986,152.8535,57.4,63,0,6.33,clear sky
95,Singuilucan,MX,19.9667,-98.5167,66.4,52,96,2.1,overcast clouds
96,Mataura,NZ,-46.1927,168.8643,34.45,98,88,2.84,overcast clouds
97,Rocha,UY,-34.4833,-54.3333,70.14,63,29,12.5,scattered clouds
98,Kruisfontein,ZA,-34.0033,24.7314,49.89,70,49,28.36,light rain
99,Lompoc,US,34.6391,-120.4579,59.41,94,100,6.91,overcast clouds
100,Zhuhai,CN,22.2769,113.5678,84.85,89,20,9.22,few clouds
101,Adrar,MR,20.5022,-10.0711,104.81,17,28,11.27,scattered clouds
102,Port Lincoln,AU,-34.7333,135.8667,50.23,83,94,8.79,overcast clouds
103,Bowen,AU,-20.0167,148.2333,60.19,58,49,7.2,scattered clouds
104,Faya,SA,18.3851,42.4509,69.91,82,99,8.08,overcast clouds
105,Mayo,US,38.8876,-76.5119,85.66,55,13,5.01,few clouds
106,Longyearbyen,SJ,78.2186,15.6401,44.44,81,75,11.5,broken clouds
107,Penzance,GB,50.1186,-5.5371,81.28,65,83,9.84,broken clouds
108,Shelburne,CA,44.0787,-80.2041,78.91,33,19,8.34,few clouds
109,Severo-Kurilsk,RU,50.6789,156.125,54.43,98,100,15.79,overcast clouds
110,Ballina,AU,-28.8667,153.5667,42.84,70,4,9.69,clear sky
111,Wanning,CN,18.8003,110.3967,80.8,86,10,4.85,clear sky
112,Puerto Quijarro,BO,-17.7833,-57.7667,97.41,20,0,9.06,clear sky
113,Kasama,ZM,-10.2129,31.1808,69.93,27,2,3.13,clear sky
114,Ilulissat,GL,69.2167,-51.1,42.12,89,100,6.38,light rain
115,Esperance,AU,-33.8667,121.9,52.29,81,0,6.71,clear sky
116,Jamestown,US,42.097,-79.2353,79.02,39,86,1.99,overcast clouds
117,Hithadhoo,MV,-0.6,73.0833,83.26,71,92,6.08,overcast clouds
118,Fortuna,US,40.5982,-124.1573,63.36,95,100,4.61,overcast clouds
119,Varhaug,NO,58.6147,5.6457,78.35,76,57,15.14,broken clouds
120,Dromolaxia,CY,34.8761,33.586,87.04,69,0,9.22,clear sky
121,Novyy Urengoy,RU,66.0833,76.6333,49.3,95,100,19.42,light rain
122,Avarua,CK,-21.2078,-159.775,69.85,83,100,2.3,overcast clouds
123,Vardo,NO,70.3705,31.1107,53.58,62,30,20.71,scattered clouds
124,Juba,SS,4.8517,31.5825,70.5,94,100,4.05,light rain
125,Behshahr,IR,36.6923,53.5526,80.55,63,0,3.13,clear sky
126,New Norfolk,AU,-42.7826,147.0587,51.93,85,100,1.99,overcast clouds
127,Abalak,RU,58.1286,68.5944,50.63,82,16,7.31,few clouds
128,Taltal,CL,-25.4,-70.4833,60.19,68,3,6.26,clear sky
129,Correntina,BR,-13.3433,-44.6367,88.41,22,1,6.49,clear sky
130,Katobu,ID,-4.9408,122.5276,72.14,90,62,3.85,broken clouds
131,Mocuba,MZ,-16.8392,36.9856,76.75,32,0,4.36,clear sky
132,Bengkulu,ID,-3.8004,102.2655,76.5,91,100,4.21,overcast clouds
133,Kropotkin,RU,45.4375,40.5756,88.45,25,72,1.79,broken clouds
134,Rio Gallegos,AR,-51.6226,-69.2181,42.85,52,0,16.11,clear sky
135,Lasa,IT,46.6166,10.7002,74.7,62,100,4.7,overcast clouds
136,Kavieng,PG,-2.5744,150.7967,80.53,74,99,8.28,overcast clouds
137,Pimentel,PE,-6.8367,-79.9342,68.29,68,20,11.5,few clouds
138,Carnarvon,AU,-24.8667,113.6333,66.87,73,0,8.12,clear sky
139,Bilibino,RU,68.0546,166.4372,43.61,86,99,5.39,overcast clouds
140,Ust-Maya,RU,60.4167,134.5333,55.81,83,90,2.98,overcast clouds
141,Sao Joao Da Barra,BR,-21.6403,-41.0511,77.09,54,9,16.58,clear sky
142,Tiksi,RU,71.6872,128.8694,41.02,94,100,5.64,overcast clouds
143,Chopovychi,UA,50.8332,28.9533,76.86,53,100,13.24,overcast clouds
144,Port Blair,IN,11.6667,92.75,78.84,89,40,1.14,mist
145,Souillac,MU,-20.5167,57.5167,70.18,73,75,16.11,broken clouds
146,Hamilton,US,39.1834,-84.5333,70.43,46,58,7.49,broken clouds
147,Garden City,US,42.3256,-83.331,72.82,70,97,5.39,overcast clouds
148,Gwanda,ZW,-20.9333,29.0,73.36,18,0,6.8,clear sky
149,Orizona,BR,-17.0314,-48.2958,85.51,22,0,7.47,clear sky
150,Bethel,US,41.3712,-73.414,82.89,49,85,1.01,overcast clouds
151,Pisco,PE,-13.7,-76.2167,63.01,82,40,10.36,mist
152,Fauske,NO,67.2588,15.3918,60.78,56,86,4.0,overcast clouds
153,Tagusao,PH,9.1924,117.8141,75.11,90,100,8.03,light rain
154,College,US,64.8569,-147.8028,61.29,82,98,1.74,overcast clouds
155,Itaituba,BR,-4.2761,-55.9836,87.96,66,40,11.5,scattered clouds
156,Saint-Joseph,RE,-21.3667,55.6167,68.38,73,33,12.95,scattered clouds
157,Trelew,AR,-43.249,-65.3051,58.46,25,98,28.95,overcast clouds
158,Santa Isabel Do Rio Negro,BR,-0.4139,-65.0192,92.86,44,9,3.85,clear sky
159,Lebu,CL,-37.6167,-73.65,48.4,90,99,20.2,overcast clouds
160,San Cristobal,VE,7.7669,-72.225,78.98,51,20,7.94,few clouds
161,Tres Arroyos,AR,-38.3739,-60.2798,67.15,60,100,9.69,overcast clouds
162,Wewak,PG,-3.5534,143.6268,78.12,84,100,1.07,overcast clouds
163,Khuzhir,RU,53.1939,107.3397,57.27,76,44,2.75,scattered clouds
164,Saint-Medard-En-Jalles,FR,44.8969,-0.7214,77.31,53,75,12.66,broken clouds
165,Bambous Virieux,MU,-20.3428,57.7575,70.21,73,75,16.11,broken clouds
166,Bilimbay,RU,56.9689,59.8149,57.24,62,95,4.79,overcast clouds
167,Valdivia,CL,-39.8142,-73.2459,46.49,94,100,7.65,overcast clouds
168,Sidi Ali,DZ,36.0998,0.4206,83.16,58,47,16.04,scattered clouds
169,Mount Gambier,AU,-37.8333,140.7667,49.59,92,95,9.84,overcast clouds
170,Plouzane,FR,48.3833,-4.6167,77.18,72,0,11.5,clear sky
171,Georgetown,MY,5.4112,100.3354,84.88,84,40,4.61,light rain
172,Te Anau,NZ,-45.4167,167.7167,34.36,93,100,1.41,overcast clouds
173,Aleksandrov Gay,RU,50.147,48.5704,83.93,23,68,8.01,broken clouds
174,Sitka,US,57.0531,-135.33,57.85,95,100,2.71,moderate rain
175,Graulhet,FR,43.7669,1.9894,88.93,36,23,14.88,few clouds
176,Buraydah,SA,26.326,43.975,104.45,10,7,11.12,clear sky
177,Norman Wells,CA,65.282,-126.8329,68.04,60,75,11.5,broken clouds
178,Barrow,US,71.2906,-156.7887,33.82,86,100,8.05,overcast clouds
179,Waverley,ZA,-25.7023,28.2591,61.84,13,0,12.66,clear sky
180,Puerto Escondido,MX,15.85,-97.0667,86.0,60,100,4.68,overcast clouds
181,Clyde River,CA,70.4692,-68.5914,48.43,76,75,4.61,broken clouds
182,Berdigestyakh,RU,62.0989,126.6992,55.2,98,99,4.25,light rain
183,Codrington,AU,-38.2667,141.9667,50.38,87,100,15.59,overcast clouds
184,Maceio,BR,-9.6658,-35.7353,85.44,51,75,11.5,broken clouds
185,Naze,JP,28.3667,129.4833,81.01,81,68,14.23,broken clouds
186,Bela,IN,25.9333,81.9833,85.08,68,97,12.46,overcast clouds
187,Charters Towers,AU,-20.1,146.2667,54.39,37,35,10.65,scattered clouds
188,Vila Franca Do Campo,PT,37.7167,-25.4333,79.21,76,19,8.57,light rain
189,Dikson,RU,73.5069,80.5464,42.42,99,100,2.1,light rain
190,Mecca,SA,21.4267,39.8261,94.75,32,89,7.94,overcast clouds
191,Cabo San Lucas,MX,22.8909,-109.9124,93.61,74,67,3.0,broken clouds
192,Abu Samrah,SY,35.3029,37.1841,80.38,47,0,17.4,clear sky
193,Sayyan,YE,15.1718,44.3244,69.44,45,100,1.01,overcast clouds
194,Savannah Bight,HN,16.45,-85.85,82.62,77,39,14.45,scattered clouds
195,San Jose,US,37.3394,-121.895,78.84,59,0,3.44,clear sky
196,Kindu,CD,-2.95,25.95,73.38,84,100,3.24,light rain
197,Mettur,IN,11.8,77.8,80.82,65,84,2.13,broken clouds
198,Goma,CD,-1.6792,29.2228,68.11,74,97,1.52,overcast clouds
199,Muroto,JP,33.2833,134.15,83.44,86,47,10.63,scattered clouds
200,Guerrero Negro,MX,27.9769,-114.0611,80.98,53,35,9.13,scattered clouds
201,Kailua,US,21.4022,-157.7394,78.49,77,10,1.01,clear sky
202,Roebourne,AU,-20.7833,117.1333,72.36,59,0,2.64,light rain
203,Half Moon Bay,US,37.4636,-122.4286,73.53,78,100,9.22,mist
204,Hongjiang,CN,27.11,109.9956,79.23,85,50,3.76,scattered clouds
205,Christchurch,NZ,-43.5333,172.6333,28.6,100,100,1.14,fog
206,Moose Factory,CA,51.2585,-80.6094,60.78,67,100,8.05,overcast clouds
207,Grindavik,IS,63.8424,-22.4338,54.07,66,20,18.41,few clouds
208,Oshnaviyeh,IR,37.0397,45.0983,80.42,23,0,7.18,clear sky
209,Hami,CN,42.8,93.45,82.83,21,0,10.63,clear sky
210,Geraldton,AU,-28.7667,114.6,50.41,87,0,11.5,clear sky
211,Buchmany,UA,51.0689,28.0421,76.3,53,100,9.71,overcast clouds
212,Burewala,PK,30.1667,72.65,90.75,52,75,3.49,broken clouds
213,Cherskiy,RU,68.75,161.3,34.61,90,88,10.45,overcast clouds
214,Olinda,BR,-8.0089,-34.8553,80.33,61,40,13.8,scattered clouds
215,Maningrida,AU,-12.0667,134.2667,63.66,81,14,9.69,few clouds
216,Mizdah,LY,31.4451,12.9801,98.31,15,0,12.15,clear sky
217,Byron Bay,AU,-28.65,153.6167,42.76,66,3,8.75,clear sky
218,Les Herbiers,FR,46.8667,-1.0167,69.51,47,16,16.04,few clouds
219,Arraial Do Cabo,BR,-22.9661,-42.0278,71.46,70,29,23.62,scattered clouds
220,Petropavlovsk-Kamchatskiy,RU,53.0452,158.6483,55.99,100,100,6.71,light intensity shower rain
221,Henties Bay,NA,-22.116,14.2845,55.62,82,0,12.53,clear sky
222,Reconquista,AR,-29.15,-59.65,82.09,46,0,12.88,clear sky
223,Batsfjord,NO,70.6345,29.7185,51.73,66,75,25.32,broken clouds
224,Praia Da Vitoria,PT,38.7333,-27.0667,80.76,85,11,13.02,light rain
225,Batemans Bay,AU,-35.7167,150.1833,55.09,56,91,10.25,overcast clouds
226,Tsogni,GA,-2.7942,10.0988,73.0,75,99,7.67,overcast clouds
227,Bethanien,NA,-26.502,17.1583,56.8,28,36,8.79,scattered clouds
228,Westport,US,41.1415,-73.3579,83.71,48,96,4.0,overcast clouds
229,Salto,UY,-31.3833,-57.9667,72.55,71,24,13.24,few clouds
230,Isangel,VU,-19.55,169.2667,74.59,78,97,16.53,overcast clouds
231,Gamba,GA,-2.65,10.0,73.09,76,99,7.9,overcast clouds
232,Butaritari,KI,3.0707,172.7902,81.48,77,100,15.77,overcast clouds
233,Lac Du Bonnet,CA,50.2536,-96.0612,77.68,46,98,4.56,overcast clouds
234,Smolenka,RU,52.1352,113.4974,50.07,100,56,2.24,broken clouds
235,Antsohihy,MG,-14.8796,47.9875,70.7,80,6,2.57,clear sky
236,Bubaque,GW,11.2833,-15.8333,79.11,83,97,15.57,moderate rain
237,Viseu,PT,40.661,-7.9097,81.86,40,53,12.91,broken clouds
238,Torbay,CA,47.6666,-52.7314,71.28,92,97,1.99,overcast clouds
239,Maniitsoq,GL,65.4167,-52.9,43.05,90,100,20.78,overcast clouds
240,San Policarpo,PH,12.1791,125.5072,77.95,86,100,6.51,overcast clouds
241,Pochutla,MX,15.7432,-96.4661,87.37,55,100,5.08,overcast clouds
242,Lata,PT,40.1629,-8.3327,74.97,48,7,11.79,clear sky
243,Seoul,KR,37.5683,126.9778,80.2,89,100,8.05,overcast clouds
244,El Ocote,HN,15.4167,-86.5667,79.57,57,74,0.96,broken clouds
245,Sabha,LY,27.0377,14.4283,95.94,12,2,13.6,clear sky
246,Conde,BR,-7.2597,-34.9075,78.08,64,34,17.76,scattered clouds
247,Vigrestad,NO,58.5667,5.7,78.48,76,62,14.9,broken clouds
248,Ayan,RU,56.45,138.1667,54.34,88,82,4.88,broken clouds
249,Castro,BR,-24.7911,-50.0119,73.47,39,22,7.38,few clouds
250,Egyek,HU,47.6333,20.9,82.98,35,90,5.1,overcast clouds
251,Kukuna,SL,9.4,-12.6667,77.54,92,100,4.7,moderate rain
252,Touros,BR,-5.1989,-35.4608,82.45,59,40,19.17,scattered clouds
253,Balaipungut,ID,1.05,101.2833,75.81,95,54,2.86,broken clouds
254,Klyuchi,RU,52.2667,79.1667,65.37,47,52,9.22,broken clouds
255,Saint George,US,37.1041,-113.5841,88.63,42,0,1.99,clear sky
256,Mareeba,AU,-17.0,145.4333,61.52,87,24,1.21,few clouds
257,Peniche,PT,39.3558,-9.3811,76.28,74,0,13.58,clear sky
258,Nelson Bay,AU,-32.7167,152.15,55.0,81,2,8.99,clear sky
259,East London,ZA,-33.0153,27.9116,57.4,53,41,30.06,scattered clouds
260,Itarema,BR,-2.9248,-39.9167,86.45,48,13,18.25,few clouds
261,Opochka,RU,56.7105,28.6617,71.65,66,96,4.27,overcast clouds
262,Valparaiso,CL,-33.0393,-71.6273,56.84,100,75,8.05,moderate rain
263,Palmer,US,42.1584,-72.3287,81.77,41,6,1.99,clear sky
264,Nizwa,OM,22.9333,57.5333,85.57,53,88,7.43,overcast clouds
265,Victoria,HK,22.2855,114.1577,85.32,84,9,1.01,clear sky
266,Yar-Sale,RU,66.8333,70.8333,44.74,67,100,20.92,overcast clouds
267,Ribeira Grande,PT,38.5167,-28.7,81.0,83,40,14.97,scattered clouds
268,Tautira,PF,-17.7333,-149.15,77.4,78,58,13.76,broken clouds
269,Harper,LR,4.375,-7.7169,75.49,80,100,11.7,overcast clouds
270,Roros,NO,62.5747,11.3842,75.04,41,0,11.5,clear sky
271,Kabalo,CD,-6.05,26.9167,87.04,31,41,3.31,scattered clouds
272,Ha Tinh,VN,18.3333,105.9,79.79,83,51,3.85,broken clouds
273,Ponta Delgada,PT,37.7333,-25.6667,79.52,83,40,16.11,scattered clouds
274,Iracoubo,GF,5.4802,-53.2011,81.93,72,82,9.55,broken clouds
275,Alice Springs,AU,-23.7,133.8833,42.35,42,0,5.75,clear sky
276,Pozoblanco,ES,38.3791,-4.8483,90.12,12,0,12.86,clear sky
277,Salalah,OM,17.0151,54.0924,75.25,95,100,7.07,overcast clouds
278,Hoi An,VN,15.8794,108.335,76.96,86,12,6.08,few clouds
279,Visnes,NO,59.3556,5.2242,77.38,53,0,9.22,clear sky
280,Provideniya,RU,64.3833,-173.3,41.68,70,2,2.68,clear sky
281,Phalodi,IN,27.1333,72.3667,86.65,61,68,11.14,broken clouds
282,Narasannapeta,IN,18.4167,84.05,77.41,84,100,10.36,moderate rain
283,Baykit,RU,61.67,96.37,54.18,83,100,5.3,overcast clouds
284,Ouadda,CF,8.0777,22.4007,68.88,95,99,2.15,overcast clouds
285,Mirnyy,RU,62.5353,113.9611,43.38,90,36,4.43,scattered clouds
286,Mount Isa,AU,-20.7333,139.5,38.97,60,36,4.61,scattered clouds
287,Kahului,US,20.8947,-156.47,78.84,83,47,8.99,scattered clouds
288,Benjamin Constant,BR,-4.3831,-70.0311,84.65,63,99,2.3,overcast clouds
289,Kuryk,KZ,43.2,51.65,90.91,23,0,6.4,clear sky
290,Arkhipo-Osipovka,RU,44.37,38.52,76.41,81,9,1.83,clear sky
291,Finschhafen,PG,-6.6024,147.8681,78.12,83,100,5.32,overcast clouds
292,Kudahuvadhoo,MV,2.6708,72.8944,82.15,75,58,5.84,broken clouds
293,Poum,NC,-20.2333,164.0167,74.55,84,74,16.89,broken clouds
294,Shingu,JP,33.7333,135.9833,78.55,91,42,5.91,scattered clouds
295,Aksarka,RU,66.5606,67.7975,46.13,60,96,15.08,overcast clouds
296,Azare,NG,11.6765,10.1948,76.53,79,86,7.94,overcast clouds
297,Meulaboh,ID,4.1363,96.1285,78.49,81,98,3.04,moderate rain
298,Bathsheba,BB,13.2167,-59.5167,85.69,70,63,16.13,broken clouds
299,George,ZA,-33.963,22.4617,49.6,72,78,17.02,light rain
300,Lagoa,PT,39.05,-27.9833,75.92,85,2,11.52,clear sky
301,Xiaoshi,CN,41.2971,124.1209,71.24,99,100,6.11,overcast clouds
302,Monte Santo De Minas,BR,-21.1897,-46.9803,82.71,24,0,3.4,clear sky
303,Ler,SS,8.3018,30.1418,70.2,98,100,5.26,light rain
304,Changping,CN,40.2186,116.2197,73.04,95,53,4.68,broken clouds
305,Pascagoula,US,30.3658,-88.5561,89.6,68,75,4.61,broken clouds
306,Jining,CN,35.405,116.5814,84.72,66,100,11.05,overcast clouds
307,Morada Nova,BR,-5.1067,-38.3725,94.28,20,19,9.98,few clouds
308,Saint-Marc-Des-Carrieres,CA,46.6834,-72.0491,77.22,51,88,5.44,overcast clouds
309,Kushmurun,KZ,52.4503,64.6311,61.93,49,15,9.86,few clouds
310,Boden,SE,65.8252,21.6886,59.0,57,78,6.26,broken clouds
311,Necochea,AR,-38.5473,-58.7368,65.44,65,91,8.75,overcast clouds
312,Matara,LK,5.9485,80.5353,78.49,88,88,10.58,overcast clouds
313,Champerico,GT,14.3,-91.9167,88.34,75,99,6.73,overcast clouds
314,Lima,PE,-12.0432,-77.0282,63.66,71,24,9.51,few clouds
315,Waw,SS,7.7029,27.9953,69.42,97,100,3.71,light rain
316,Cedar City,US,37.6775,-113.0619,72.57,56,0,4.61,clear sky
317,Bardiyah,LY,31.7561,25.0865,79.99,64,0,16.53,clear sky
318,Road Town,VG,18.4167,-64.6167,82.45,79,72,10.2,broken clouds
319,Shahganj,IN,26.05,82.6833,86.27,63,79,17.98,broken clouds
320,Oranjemund,NA,-28.55,16.4333,54.48,70,83,15.35,broken clouds
321,Cap Malheureux,MU,-19.9842,57.6142,70.47,66,87,7.0,overcast clouds
322,Svetlogorsk,BY,52.6333,29.7333,67.32,88,73,9.78,broken clouds
323,Ostersund,SE,63.1792,14.6357,72.61,64,0,9.22,clear sky
324,Mlonggo,ID,-6.5333,110.7,78.85,84,40,6.64,scattered clouds
325,Cockburn Town,TC,21.4612,-71.1419,82.17,72,8,10.6,clear sky
326,Digha,IN,21.6833,87.55,81.63,86,100,22.37,overcast clouds
327,Zabaykalsk,RU,49.6333,117.3167,57.38,87,100,5.79,overcast clouds
328,Sur,OM,22.5667,59.5289,90.39,56,68,10.07,broken clouds
329,Bumba,CD,2.1833,22.4667,73.15,95,100,2.82,overcast clouds
330,Khabary,RU,53.6259,79.5345,59.02,59,70,10.76,broken clouds
331,Tavda,RU,58.0425,65.2726,55.85,66,82,5.12,broken clouds
332,Uyuni,BO,-20.4597,-66.825,53.35,14,71,18.77,broken clouds
333,Riyadh,SA,24.6877,46.7219,100.87,9,90,7.36,overcast clouds
334,Thompson,CA,55.7435,-97.8558,72.93,40,0,5.86,clear sky
335,Leshukonskoye,RU,64.8989,45.7622,56.88,70,96,5.01,overcast clouds
336,Russell,US,32.3502,-85.1999,89.91,51,0,5.75,clear sky
337,Honiara,SB,-9.4333,159.95,76.73,86,67,3.44,broken clouds
338,Ariquemes,BR,-9.9133,-63.0408,100.94,22,0,3.18,clear sky
339,Den Helder,NL,52.9599,4.7593,87.03,65,100,9.22,overcast clouds
340,Rajnagar,IN,24.8833,79.9167,78.75,89,98,4.97,overcast clouds
341,Maldonado,UY,-34.6667,-54.9167,70.2,63,66,14.27,broken clouds
342,Nome,US,64.5011,-165.4064,46.47,72,40,13.8,scattered clouds
343,Totness,SR,5.8833,-56.3167,86.67,55,92,10.58,overcast clouds
344,Varanasi,IN,25.3333,83.0,86.09,84,40,9.22,haze
345,Xining,CN,36.6167,101.7667,57.72,88,100,1.57,overcast clouds
346,Caravelas,BR,-17.7125,-39.2481,76.06,47,78,9.78,broken clouds
347,Tura,IN,25.5198,90.2201,73.87,95,92,5.61,overcast clouds
348,Saskylakh,RU,71.9167,114.0833,42.71,77,1,3.47,clear sky
349,Colares,PT,38.7992,-9.4469,77.99,57,20,20.71,few clouds
350,Tuatapere,NZ,-46.1333,167.6833,37.69,90,94,4.72,overcast clouds
351,Razole,IN,16.4833,81.8333,76.69,90,100,7.47,light rain
352,Pandan,PH,14.0453,124.1694,79.38,86,100,7.07,overcast clouds
353,Padang,ID,-0.9492,100.3543,79.09,85,98,2.75,overcast clouds
354,Vaitape,PF,-16.5167,-151.75,78.69,74,4,17.72,clear sky
355,Mariental,NA,-24.6333,17.9667,58.71,15,20,8.46,few clouds
356,Shenkursk,RU,62.1091,42.896,60.55,62,22,1.5,few clouds
357,Stara Synyava,UA,49.6032,27.6191,71.4,62,100,7.87,overcast clouds
358,Vanimo,PG,-2.6741,141.3028,76.6,89,88,4.32,overcast clouds
359,Golspie,GB,57.9727,-3.978,64.47,90,100,2.57,overcast clouds
360,Walvis Bay,NA,-22.9575,14.5053,57.09,74,1,20.36,clear sky
361,Sorland,NO,67.667,12.6934,53.46,83,91,7.0,overcast clouds
362,Orlik,RU,52.5178,99.825,48.58,85,30,3.09,scattered clouds
363,Troitsko-Pechorsk,RU,62.7084,56.1964,45.18,77,44,2.24,scattered clouds
364,Atasu,KZ,48.6814,71.6433,72.88,38,1,14.58,clear sky
365,Zaozerne,UA,45.1582,33.2787,78.55,70,0,9.4,clear sky
366,Ahipara,NZ,-35.1667,173.1667,52.23,87,99,4.94,moderate rain
367,Malanje,AO,-9.5402,16.341,79.77,18,10,1.68,clear sky
368,Saint Anthony,US,45.0205,-93.218,73.06,73,75,9.22,broken clouds
369,La Ronge,CA,55.1001,-105.2842,67.21,65,67,7.54,broken clouds
370,Ucluelet,CA,48.9329,-125.5528,63.09,92,18,2.04,few clouds
371,Dingle,PH,10.9995,122.6711,75.6,94,100,8.9,overcast clouds
372,Maamba,ZM,-17.3667,27.15,73.24,25,0,3.47,clear sky
373,Cabedelo,BR,-6.9811,-34.8339,83.07,66,67,19.75,broken clouds
374,Kandrian,PG,-6.2167,149.55,76.12,90,100,3.62,light rain
375,Yavaros,MX,26.7,-109.5167,88.45,65,65,7.23,broken clouds
376,Ketchikan,US,55.3422,-131.6461,57.58,96,100,3.83,light rain
377,Gao,ML,16.6362,1.637,106.29,10,29,8.63,scattered clouds
378,Lhokseumawe,ID,5.1801,97.1507,78.22,88,96,4.16,overcast clouds
379,Altamira,BR,-3.2033,-52.2064,89.28,45,61,5.21,broken clouds
380,Talgar,KZ,43.3027,77.2395,71.76,43,40,4.47,scattered clouds
381,Lokosovo,RU,61.1333,74.8167,50.22,63,100,17.52,overcast clouds
382,Bradford,GB,53.7939,-1.7521,90.63,32,0,3.44,clear sky
383,Alta Floresta,BR,-9.8756,-56.0861,98.11,21,18,5.01,few clouds
384,Council Bluffs,US,41.2619,-95.8608,81.48,62,75,10.36,broken clouds
385,Luderitz,NA,-26.6481,15.1594,56.86,61,18,23.11,few clouds
386,Alofi,NU,-19.0595,-169.9187,72.88,69,100,23.91,overcast clouds
387,Lakatoro,VU,-16.0999,167.4164,77.04,86,98,13.4,overcast clouds
388,Kaitangata,NZ,-46.2817,169.8464,38.77,95,82,6.31,broken clouds
389,Milas,TR,37.3164,27.7839,79.95,54,0,12.66,clear sky
390,Shache,CN,38.4167,77.2406,82.31,36,82,4.76,broken clouds
391,Saldanha,ZA,-33.0117,17.9442,53.58,64,1,13.22,clear sky
392,Zhigansk,RU,66.7697,123.3711,53.96,89,100,6.13,overcast clouds
393,Hofn,IS,64.2539,-15.2082,50.23,75,100,8.08,overcast clouds
394,Balykshi,KZ,47.0667,51.8667,89.6,18,0,8.95,clear sky
395,Noumea,NC,-22.2763,166.4572,73.99,99,85,10.36,overcast clouds
396,Los Llanos De Aridane,ES,28.6585,-17.9182,71.35,87,20,11.5,few clouds
397,Saint-Philippe,RE,-21.3585,55.7679,69.39,75,43,14.54,scattered clouds
398,Saint-Augustin,CA,51.226,-58.6502,62.28,92,100,15.82,overcast clouds
399,Turbat,PK,26.0023,63.044,85.64,73,84,6.67,light rain
400,Paamiut,GL,61.994,-49.6678,44.47,97,100,7.63,overcast clouds
401,Chippewa Falls,US,44.9369,-91.3929,68.77,77,100,4.61,overcast clouds
402,Nushki,PK,29.5542,66.0215,82.99,51,99,8.1,overcast clouds
403,Alyangula,AU,-13.8483,136.4192,68.11,68,38,10.02,scattered clouds
404,Los Alamos,US,35.8881,-106.307,79.93,41,0,4.0,clear sky
405,Lazaro Cardenas,MX,17.9583,-102.2,85.46,62,80,4.27,broken clouds
406,Margate,GB,51.3813,1.3862,86.11,71,100,3.0,overcast clouds
407,Cap-Haitien,HT,19.7578,-72.2042,81.59,74,0,9.48,clear sky
408,Sampit,ID,-2.5333,112.95,74.37,92,90,2.64,light rain
409,Izhma,RU,65.0083,53.9113,49.82,66,82,4.63,broken clouds
410,Buin,CL,-33.7333,-70.75,53.74,55,100,5.39,overcast clouds
411,Naugachhia,IN,25.4,87.1,80.51,77,39,18.77,scattered clouds
412,Srednekolymsk,RU,67.45,153.6833,31.51,94,7,8.81,clear sky
413,Itacarambi,BR,-15.1022,-44.0919,86.59,23,0,5.1,clear sky
414,Lavrentiya,RU,65.5833,-171.0,37.72,78,49,6.13,scattered clouds
415,Shizunai,JP,42.3339,142.3669,66.31,81,61,6.64,broken clouds
416,Honolulu,US,21.3069,-157.8583,78.31,77,4,11.99,clear sky
417,Erzin,TR,36.9559,36.2,77.07,83,36,7.18,scattered clouds
418,Huilong,CN,31.8111,121.655,85.93,85,91,18.37,light rain
419,Mahebourg,MU,-20.4081,57.7,70.25,68,40,14.97,scattered clouds
420,Homa Bay,KE,-0.5273,34.4571,70.02,75,65,2.73,broken clouds
421,Rajula,IN,21.05,71.4333,78.4,88,81,15.3,broken clouds
422,Bom Jardim,BR,-7.7958,-35.5872,78.26,53,27,15.7,scattered clouds
423,Lyaskelya,RU,61.7667,31.0167,62.85,63,22,3.51,few clouds
424,Impfondo,CG,1.6381,18.0667,79.48,61,100,2.55,overcast clouds
425,Siocon,PH,7.7061,122.1353,77.95,85,100,1.57,overcast clouds
426,Kieta,PG,-6.2167,155.6333,77.41,85,95,2.04,overcast clouds
427,Presidente Epitacio,BR,-21.7633,-52.1156,88.03,26,0,9.98,clear sky
428,Shakiso,ET,5.75,38.9167,62.65,75,100,3.15,overcast clouds
429,Campina Verde,BR,-19.5356,-49.4864,89.58,20,0,6.4,clear sky
430,Beloha,MG,-25.1667,45.05,69.33,57,1,2.19,clear sky
431,Isla Mujeres,MX,21.2311,-86.731,87.85,64,0,8.28,clear sky
432,Biak,ID,-0.9131,122.8766,75.74,82,97,7.09,overcast clouds
433,Fereydun Kenar,IR,36.6864,52.5225,81.86,67,0,0.56,clear sky
434,Loukhi,RU,66.0764,33.0381,59.77,73,91,4.38,overcast clouds
435,Port Macquarie,AU,-31.4333,152.9167,46.89,74,0,7.38,clear sky
436,Spring,US,30.0799,-95.4172,91.87,69,75,14.97,broken clouds
437,Miajadas,ES,39.1513,-5.9084,91.63,13,0,10.56,clear sky
438,Saint Simons,US,31.1352,-81.3901,87.85,35,0,10.36,clear sky
439,Bodri,IN,23.1667,81.4333,74.35,97,92,7.45,light rain
440,Kerrville,US,30.0474,-99.1403,90.55,60,75,13.8,broken clouds
441,Kalulushi,ZM,-12.8378,28.0919,70.32,23,3,1.07,clear sky
442,Manzil Salim,TN,35.8567,8.4765,82.26,35,45,18.41,light rain
443,Hirado,JP,33.3597,129.5531,82.38,89,78,13.49,broken clouds
444,Umm Lajj,SA,25.0213,37.2685,87.93,58,98,8.57,overcast clouds
445,Le Mans,FR,48.0,0.2,75.13,64,75,12.66,broken clouds
446,Pasni,PK,25.2631,63.471,82.89,87,100,6.42,overcast clouds
447,Aranos,NA,-24.1333,19.1167,55.99,18,21,10.22,few clouds
448,Gravdal,NO,68.1214,13.5031,57.09,62,0,4.61,clear sky
449,Karaton,ID,-6.3424,106.1045,74.64,91,95,0.6,overcast clouds
450,Katsuura,JP,35.1333,140.3,80.62,91,33,17.38,scattered clouds
451,Cherepovets,RU,59.1333,37.9,71.42,78,20,4.47,few clouds
452,Egvekinot,RU,66.3167,-179.1667,40.69,79,81,1.79,broken clouds
453,Yerofey Pavlovich,RU,53.9667,121.9667,56.97,78,70,3.24,broken clouds
454,Ulladulla,AU,-35.35,150.4667,53.49,60,48,11.65,scattered clouds
455,Youhao,CN,47.8667,128.8333,57.43,95,76,0.72,broken clouds
456,Moranbah,AU,-22.0016,148.0466,52.72,42,0,5.35,clear sky
457,Torrox,ES,36.7579,-3.9523,98.13,49,32,4.0,scattered clouds
458,Chunhuhub,MX,19.55,-88.6833,91.27,46,100,4.88,overcast clouds
459,Requena,ES,39.4883,-1.1004,93.52,18,4,20.85,clear sky
460,Julio De Castilhos,BR,-29.2269,-53.6817,62.51,84,98,11.21,heavy intensity rain
461,Barra Do Garcas,BR,-15.89,-52.2567,96.75,17,7,7.25,clear sky
462,Panjab,AF,34.388,67.0233,61.38,69,100,3.74,overcast clouds
463,Khlevnoye,RU,52.1951,39.0932,75.22,51,78,7.94,broken clouds
464,Beringovskiy,RU,63.05,179.3167,48.31,80,87,5.93,overcast clouds
465,Muzhi,RU,65.3667,64.6667,46.49,65,69,15.46,broken clouds
466,Bharatpur,IN,27.2167,77.4833,83.91,77,100,4.07,overcast clouds
467,Praxedis Guerrero,MX,31.3667,-106.0167,89.06,34,35,5.5,scattered clouds
468,Korla,CN,41.7597,86.1469,84.56,28,0,4.07,clear sky
469,Dali,CN,25.7,100.1833,63.54,93,71,4.14,broken clouds
470,Hobyo,SO,5.3505,48.5268,76.84,87,88,23.26,overcast clouds
471,Chokurdakh,RU,70.6333,147.9167,35.17,81,27,7.18,scattered clouds
472,Tazovskiy,RU,67.4667,78.7,48.87,97,100,9.75,light rain
473,Ismailia,EG,30.6043,32.2723,82.09,53,0,13.4,clear sky
474,Kulhudhuffushi,MV,6.6221,73.07,81.63,76,98,10.51,overcast clouds
475,Tessalit,ML,20.1986,1.0114,105.94,12,41,5.93,scattered clouds
476,Port Augusta,AU,-32.5,137.7667,49.77,60,98,7.87,overcast clouds
477,Waslala,NI,13.2333,-85.3833,83.37,71,94,3.4,overcast clouds
478,Tecoanapa,MX,16.5167,-98.75,85.5,60,100,3.87,overcast clouds
479,Iroquois Falls,CA,48.7669,-80.6831,74.7,47,100,2.21,overcast clouds
480,Mendoza,AR,-32.8908,-68.8272,68.36,23,1,6.78,clear sky
481,Correia Pinto,BR,-27.5847,-50.3611,67.35,59,99,4.41,overcast clouds
482,Santo Tomas,PH,14.1079,121.1414,79.05,93,100,2.15,overcast clouds
483,Magadan,RU,59.5667,150.8,56.53,94,100,2.48,light rain
484,Kholtoson,RU,50.2981,103.3097,50.67,95,25,2.98,scattered clouds
485,Upernavik,GL,72.7868,-56.1549,44.49,71,100,3.53,overcast clouds
486,Salacgriva,LV,57.7536,24.3581,75.0,62,54,5.86,broken clouds
487,Mikhaylovka,RU,50.06,43.2379,79.79,30,98,11.83,overcast clouds
488,Rochegda,RU,62.8,43.25,59.02,64,48,1.21,scattered clouds
489,Buta,CD,2.7858,24.73,73.06,88,100,1.36,overcast clouds
490,Formosa,AR,-26.1775,-58.1781,91.38,33,0,14.97,clear sky
491,Santiago Del Estero,AR,-27.7951,-64.2615,86.41,26,0,12.12,clear sky
492,Keflavik,IS,64.0049,-22.5624,54.03,66,20,18.41,few clouds
493,Novi Sanzhary,UA,49.3439,34.3108,84.11,33,91,19.04,overcast clouds
494,Axim,GH,4.8699,-2.2405,76.73,80,100,13.96,overcast clouds
495,Rio Grande,BR,-32.035,-52.0986,73.51,76,0,11.56,clear sky
496,Maharajganj,IN,27.1333,83.5667,84.25,69,94,17.67,overcast clouds
497,Pundaguitan,PH,6.3711,126.1689,81.95,78,58,6.71,broken clouds
498,Port-Gentil,GA,-0.7193,8.7815,75.16,83,75,12.66,broken clouds
499,Constitucion,CL,-35.3333,-72.4167,52.27,82,99,11.14,overcast clouds
500,Hovd,MN,48.0056,91.6419,66.67,31,6,6.64,clear sky
501,Prince Rupert,CA,54.3161,-130.3201,59.09,94,100,8.05,overcast clouds
502,Channel-Port Aux Basques,CA,47.5702,-59.1367,67.08,99,100,9.1,overcast clouds
503,Avera,US,33.194,-82.5271,86.56,34,41,2.04,scattered clouds
504,Port Hardy,CA,50.6996,-127.4199,59.97,89,99,7.94,overcast clouds
505,Alaca,TR,40.1683,34.8425,76.69,49,70,7.45,broken clouds
506,Effium,NG,6.6292,8.0593,73.4,94,93,8.39,light rain
507,Roald,NO,62.5833,6.1333,70.9,82,0,3.44,clear sky
508,Thunder Bay,CA,48.4001,-89.3168,62.51,88,75,4.61,broken clouds
509,Dosso,NE,13.049,3.1937,91.62,48,80,11.27,broken clouds
510,Dinguiraye,GN,11.3,-10.7167,71.1,95,100,2.57,overcast clouds
511,Vila Velha,BR,-20.3297,-40.2925,78.75,57,20,9.22,few clouds
512,Novikovo,RU,51.1537,37.8879,77.07,47,100,14.58,overcast clouds
513,Progreso,MX,21.2833,-89.6667,90.1,60,99,5.5,overcast clouds
514,Nauta,PE,-4.5061,-73.5757,85.82,59,77,4.09,broken clouds
515,Frutal,BR,-20.0247,-48.9406,89.04,22,0,5.12,clear sky
516,Kenitra,MA,34.261,-6.5802,75.96,61,5,12.01,clear sky
517,Naron,ES,43.5167,-8.1528,74.91,81,43,12.46,scattered clouds
518,Pipri,IN,19.8,75.5333,75.04,84,100,10.38,heavy intensity rain
519,Gangapur,IN,26.4833,76.7167,81.66,84,100,1.79,overcast clouds
520,Camana,PE,-16.6228,-72.7111,63.57,70,79,9.06,broken clouds
521,Hay River,CA,60.8156,-115.7999,72.61,46,0,4.54,clear sky
522,Tilichiki,RU,60.4667,166.1,53.58,95,100,4.59,overcast clouds
523,Sinnamary,GF,5.3833,-52.95,81.97,75,86,8.61,overcast clouds
524,Temyasovo,RU,52.9933,58.1014,59.43,64,61,6.85,broken clouds
525,Coari,BR,-4.085,-63.1414,93.67,41,26,0.34,scattered clouds
526,Berlevag,NO,70.8578,29.0864,51.6,76,100,26.46,overcast clouds
527,Villarrubia De Los Ojos,ES,39.2209,-3.608,91.33,12,0,17.96,clear sky
528,Kamina,CD,-8.7386,24.9906,75.79,22,13,5.41,few clouds
529,Villarrica,PY,-25.75,-56.4333,78.33,47,37,8.3,scattered clouds
530,Tias,ES,28.9611,-13.645,78.48,57,20,24.16,few clouds
531,San Pedro,PH,14.35,121.0167,79.83,93,75,0.0,light rain
532,Ibotirama,BR,-12.1853,-43.2206,92.7,22,36,4.97,scattered clouds
533,Koygorodok,RU,60.445,50.9968,54.82,65,13,2.95,few clouds
534,Praya,CV,14.9215,-23.5087,80.01,79,77,7.2,light rain
535,Ishigaki,JP,24.3448,124.1572,85.64,75,31,16.75,scattered clouds
536,Tijucas,BR,-27.2414,-48.6336,75.25,74,100,5.82,overcast clouds
537,Soyo,AO,-6.1349,12.3689,71.53,72,21,8.12,few clouds
538,Broome,US,42.2506,-75.833,82.2,38,20,7.0,few clouds
539,Fort Smith,US,35.3859,-94.3986,93.18,38,0,3.44,clear sky
540,Roma,US,43.2128,-75.4557,78.73,40,0,4.0,clear sky
541,Fort Nelson,CA,58.8053,-122.7002,66.33,80,98,2.66,overcast clouds
542,Namibe,AO,-15.1961,12.1522,64.42,85,16,12.66,few clouds
543,Jumla,NP,29.2747,82.1838,63.01,97,100,2.89,light rain
544,Matucana,PE,-11.85,-76.4,69.44,37,5,8.86,clear sky
545,Concepcion,CL,-36.827,-73.0498,55.2,62,75,13.8,broken clouds
546,Martapura,ID,-3.4167,114.85,77.09,88,100,1.14,overcast clouds
547,Flinders,AU,-34.5833,150.8552,55.18,60,51,4.0,broken clouds
548,Arlit,NE,18.7369,7.3853,106.63,9,34,1.48,scattered clouds
549,Marawi,PH,7.9986,124.2928,68.63,92,99,5.06,overcast clouds
550,El Eden,CO,4.4667,-75.7667,76.64,67,41,4.09,scattered clouds
551,Nizhniy Odes,RU,63.6445,54.856,50.83,63,92,2.01,overcast clouds
552,Saint-Pierre,RE,-21.3393,55.4781,69.48,76,75,3.44,broken clouds
553,Okhotsk,RU,59.3833,143.3,55.92,95,99,11.59,light rain
554,Kekri,IN,25.9667,75.15,80.58,77,100,5.46,light rain
555,Muisne,EC,0.6,-80.0333,75.69,85,100,12.88,overcast clouds
556,Giyani,ZA,-23.3025,30.7187,80.13,12,3,8.23,clear sky
557,Burns Lake,CA,54.2331,-125.7533,62.01,56,35,5.08,scattered clouds
558,Boende,CD,-0.2167,20.8667,83.1,47,96,4.21,overcast clouds
559,Kloulklubed,PW,7.0419,134.2556,73.9,72,93,3.2,overcast clouds
560,San Quintin,MX,30.4833,-115.95,75.72,70,0,6.58,clear sky
561,Shakawe,BW,-18.3667,21.85,71.76,12,0,6.85,clear sky
562,Ambagarh Chauki,IN,20.7833,80.7167,74.05,93,100,18.57,light rain
563,Dayong,CN,25.0209,118.2898,79.23,90,30,0.72,scattered clouds
564,Tanout,NE,14.9709,8.8879,90.84,38,100,6.15,overcast clouds
565,Trudovoye,RU,43.3058,132.0817,65.93,94,95,4.47,light rain
566,Jalu,LY,29.0331,21.5482,92.28,25,0,10.65,clear sky
567,Havre,FR,49.5833,0.3333,74.34,64,100,4.61,light rain
568,Ituango,CO,7.1712,-75.764,76.5,60,31,3.22,scattered clouds
569,Kupang,ID,-10.1667,123.5833,76.19,80,8,11.88,clear sky
570,Bucerias,MX,20.75,-105.3333,84.97,94,40,9.22,scattered clouds
571,Xianyang,CN,34.3378,108.7026,88.32,32,100,12.71,overcast clouds
572,Altamont,US,42.2068,-121.7372,72.39,47,0,6.91,clear sky
573,Hanting,CN,36.7708,119.2108,81.32,93,100,9.53,moderate rain
574,Fort-Shevchenko,KZ,44.5086,50.263,85.06,47,0,6.26,clear sky
575,Storvorde,DK,57.0039,10.1013,79.34,52,99,8.05,overcast clouds
576,Nabire,ID,-3.3667,135.4833,75.65,93,100,3.02,light rain
577,Mashhad,IR,36.297,59.6062,80.74,32,0,6.91,clear sky
578,Semirom,IR,31.4167,51.5667,70.25,15,0,14.36,clear sky
579,Vao,NC,-22.6667,167.4833,72.66,80,100,23.09,overcast clouds
580,Indianola,US,41.3581,-93.5574,76.91,56,64,8.55,broken clouds
581,Anadyr,RU,64.75,177.4833,51.49,71,92,14.36,light rain
582,Tahe,CN,52.3333,124.7333,54.95,84,23,2.28,few clouds
583,Acapulco,MX,16.8634,-99.8901,85.82,70,75,3.44,broken clouds
584,Uaua,BR,-9.8414,-39.4817,74.39,67,93,16.73,overcast clouds
585,Caconda,AO,-13.7333,15.0667,70.99,19,8,5.88,clear sky
586,Kibala,TD,9.1104,18.3463,74.23,92,93,3.8,moderate rain
587,Phuket,TH,8.0,98.25,88.09,83,20,5.75,few clouds
588,Beian,NO,63.6559,9.5683,71.69,73,0,3.44,clear sky
589,Muscat,OM,23.6139,58.5922,93.22,60,57,4.09,broken clouds
590,Yarkovo,RU,57.4028,67.0786,53.31,78,66,6.6,broken clouds
591,Cheyenne,US,41.14,-104.8203,82.54,36,0,9.22,clear sky
592,Farap,TM,39.1704,63.6116,88.39,16,0,14.14,clear sky
593,Puerto Cabezas,NI,14.0351,-83.3888,83.7,74,86,7.87,overcast clouds
594,Juegang,CN,32.3174,121.1855,85.91,79,100,11.61,overcast clouds
595,San Ramon,US,37.7799,-121.978,78.6,61,0,1.01,clear sky
596,Rio Branco Do Sul,BR,-25.19,-49.3142,77.22,45,57,3.78,broken clouds
597,Saraj,MK,42.0,21.3278,69.35,54,90,5.32,overcast clouds
598,Narsaq,GL,60.9167,-46.05,59.22,87,85,6.04,overcast clouds
599,Damghan,IR,36.1683,54.348,83.5,24,0,6.71,clear sky
600,Barinitas,VE,8.7622,-70.4111,77.97,83,85,3.91,overcast clouds
601,Ghanzi,BW,-21.5667,21.7833,63.09,24,2,10.27,clear sky
602,Bourail,NC,-21.5667,165.4833,68.2,91,51,5.79,broken clouds
603,Jilib,SO,0.4883,42.7854,74.62,83,36,8.32,scattered clouds
604,Aklavik,CA,68.2191,-135.0107,46.4,87,100,8.05,overcast clouds
605,Dondo,MZ,-19.6094,34.7431,76.53,46,0,7.72,clear sky
606,Omis,HR,43.4447,16.6886,84.13,55,66,5.93,broken clouds
607,Nemuro,JP,43.3236,145.575,64.11,95,0,5.48,clear sky
608,Pershotravneve,UA,51.3929,28.8684,74.75,59,99,10.27,overcast clouds
609,Miri,MY,4.4148,114.0089,79.97,76,100,0.81,overcast clouds
610,Lodwar,KE,3.1191,35.5973,87.33,39,44,9.26,light rain
611,Mazamari,PE,-11.3258,-74.5308,89.44,40,10,2.86,clear sky
612,Tabou,CI,4.423,-7.3528,75.49,80,100,10.96,overcast clouds
613,Broken Hill,AU,-31.95,141.4333,46.54,70,66,8.61,broken clouds
614,Kilindoni,TZ,-7.9139,39.6668,76.03,73,10,14.27,clear sky
615,Issoire,FR,45.55,3.25,74.46,51,41,12.73,scattered clouds
616,Honggang,CN,46.4667,124.8667,64.29,87,100,6.08,overcast clouds
617,Ixtapa,MX,20.7,-105.2,84.22,94,40,9.22,scattered clouds
618,Dvorichna,UA,49.8496,37.6857,83.61,35,100,13.62,overcast clouds
619,Kisangani,CD,0.5167,25.2,73.04,87,93,0.83,light rain
620,Carrickmacross,IE,53.9728,-6.7189,69.67,78,100,2.44,overcast clouds
621,Dataganj,IN,28.0333,79.4,87.28,63,98,9.64,overcast clouds
622,Mawlaik,MM,23.6333,94.4167,76.69,99,65,1.19,broken clouds
623,Kondinskoye,RU,59.6481,67.41,53.11,75,77,10.16,broken clouds
624,Haines Junction,CA,60.7522,-137.5108,58.5,67,94,8.75,overcast clouds
625,Charagua,BO,-19.8,-63.2167,83.77,29,9,11.41,clear sky
626,Bonthe,SL,7.5264,-12.505,74.98,90,100,9.42,moderate rain
627,Dandong,CN,40.1292,124.3947,74.23,98,100,10.0,overcast clouds
628,Belyy Yar,RU,53.6039,91.3903,62.85,63,0,6.71,clear sky
629,Nouadhibou,MR,20.931,-17.0347,73.42,86,3,13.2,clear sky
630,Mosquera,CO,4.7059,-74.2302,64.49,59,75,4.61,broken clouds
631,Halifax,CA,44.6453,-63.5724,75.69,85,94,1.99,overcast clouds
632,Vila,PT,42.0304,-8.1588,71.71,47,78,7.9,broken clouds
633,Mogocha,RU,53.7333,119.7667,53.62,85,21,2.15,few clouds
634,Dawei,MM,14.0833,98.2,77.56,88,80,1.36,broken clouds
635,Jinhua,CN,29.1078,119.6547,81.23,68,77,3.38,broken clouds
636,Grand Gaube,MU,-20.0064,57.6608,70.38,66,89,7.0,overcast clouds
637,San Rafael,AR,-34.6177,-68.3301,58.69,37,0,13.38,clear sky
638,Gat,IL,31.61,34.7642,82.81,100,0,8.68,clear sky
639,Chalons-En-Champagne,FR,48.9539,4.3672,77.07,76,100,20.83,overcast clouds
640,Mishelevka,RU,52.8575,103.1719,58.41,96,85,4.03,overcast clouds
641,Clyde,US,41.3042,-82.9752,68.59,86,86,9.33,overcast clouds
642,Bezhanitsy,RU,56.9767,29.8907,71.31,67,45,3.31,scattered clouds
643,Gimli,CA,50.6336,-96.9907,69.4,73,99,3.11,overcast clouds
644,Mayumba,GA,-3.432,10.6554,72.43,79,29,6.51,scattered clouds
645,Port Keats,AU,-14.25,129.55,75.67,27,38,12.26,scattered clouds
646,Jijiang,CN,29.2906,106.2542,86.58,66,67,2.77,broken clouds
647,Usinsk,RU,65.9939,57.5281,50.38,64,100,10.51,overcast clouds
648,Amahai,ID,-3.3333,128.9167,77.7,87,100,8.7,overcast clouds
649,Siverek,TR,37.755,39.3167,90.9,20,0,9.17,clear sky
650,Xai-Xai,MZ,-25.0519,33.6442,73.02,80,4,16.93,clear sky
651,Robertsport,LR,6.7533,-11.3686,76.78,80,100,13.18,light rain
652,Brigantine,US,39.4101,-74.3646,82.2,62,0,8.05,clear sky
653,Arkadak,RU,51.9326,43.4978,74.41,40,68,8.75,broken clouds
654,Oceanside,US,33.1959,-117.3795,93.51,77,0,6.91,clear sky
655,Bestwig,DE,51.3667,8.4,85.95,46,66,8.97,broken clouds
656,Chapais,CA,49.7834,-74.8492,70.61,46,99,3.87,overcast clouds
657,Lovington,US,32.944,-103.3485,91.33,37,0,6.22,clear sky
658,Krasnoselkup,RU,65.7,82.4667,59.85,54,98,7.96,overcast clouds
659,Aden,YE,12.7794,45.0367,87.13,71,100,19.66,overcast clouds
660,Karamursel,TR,40.6914,29.6157,81.48,76,5,8.68,clear sky
661,Nunoa,PE,-14.48,-70.6411,58.75,26,12,6.26,few clouds
662,Fort Wellington,GY,6.4,-57.6,85.59,59,65,12.62,broken clouds
663,Islamkot,PK,24.6997,70.177,81.54,83,80,14.94,broken clouds
664,Yaan,NG,7.3833,8.5667,73.24,94,98,9.66,moderate rain
665,Zonguldak,TR,41.25,31.8333,66.43,89,3,3.51,clear sky
666,Ewa Beach,US,21.3156,-158.0072,79.59,68,0,10.36,clear sky
667,Shubarshi,KZ,48.5872,57.1869,85.33,18,0,1.97,clear sky
668,Neuquen,AR,-38.9516,-68.0591,55.29,47,0,12.66,light rain
669,Arcata,US,40.8665,-124.0828,63.63,83,100,3.44,overcast clouds
670,Fallon,US,39.4735,-118.7774,83.44,15,20,0.0,few clouds
671,Esfarayen,IR,37.0765,57.5101,75.24,21,0,6.73,clear sky
672,Rorvik,NO,64.8621,11.2373,71.58,68,0,6.91,clear sky
673,Marzuq,YE,14.4,46.4667,83.88,35,98,4.12,overcast clouds
674,Itupiranga,BR,-5.1347,-49.3267,95.32,23,19,6.15,few clouds
675,Bridlington,GB,54.0831,-0.1919,76.93,71,31,5.97,scattered clouds
676,High Prairie,CA,55.4334,-116.4858,68.05,51,32,13.27,scattered clouds
677,Bandarbeyla,SO,9.4942,50.8122,76.71,81,73,31.81,broken clouds
678,Port Moresby,PG,-9.4431,147.1797,75.43,92,87,6.15,overcast clouds
679,Ankang,CN,32.68,109.0172,84.49,61,100,1.36,overcast clouds
680,Ojinaga,MX,29.5667,-104.4167,96.57,40,0,4.61,clear sky
681,Kihei,US,20.785,-156.4656,78.84,72,40,10.36,scattered clouds
682,Bagdarin,RU,54.4333,113.6,51.12,71,48,2.1,scattered clouds
683,Talant,FR,47.3369,5.0089,75.81,61,0,8.05,clear sky
684,Iskateley,RU,67.6803,53.1512,51.58,66,88,6.76,overcast clouds
685,Princeton,US,25.5384,-80.4089,93.02,68,75,9.22,broken clouds
686,Hauterive,FR,46.0901,3.4459,75.96,76,64,7.76,broken clouds
687,Vilyuysk,RU,63.7553,121.6247,56.14,99,100,1.74,light rain
688,Sakakah,SA,29.9697,40.2064,98.13,17,0,11.07,clear sky
689,Mandalgovi,MN,45.7625,106.2708,56.62,76,0,7.94,clear sky
690,Vostok,RU,46.4856,135.8833,54.48,97,84,3.47,broken clouds
691,Nyurba,RU,63.2842,118.3319,50.38,97,100,5.06,light rain
692,Northam,GB,51.0333,-4.2167,79.39,46,93,10.47,overcast clouds
693,Boa Vista,BR,2.8197,-60.6733,91.38,52,40,9.22,scattered clouds
694,Klaksvik,FO,62.2266,-6.589,54.52,85,100,7.0,overcast clouds
695,Bilma,NE,18.6853,12.9164,100.81,24,98,8.7,overcast clouds
696,Ust-Tsilma,RU,65.441,52.1498,54.34,57,95,5.08,overcast clouds
697,Khudumelapye,BW,-23.8833,24.75,55.26,19,0,9.08,clear sky
698,Arak,IR,34.0917,49.6892,81.66,13,0,6.08,clear sky
699,Nchelenge,ZM,-9.3451,28.734,72.68,48,2,7.0,clear sky
700,Taoudenni,ML,22.6783,-3.9836,114.08,6,1,13.82,clear sky
701,Zyryanka,RU,65.75,150.85,44.51,73,100,11.88,overcast clouds
702,Grivenskaya,RU,45.6473,38.176,79.66,55,53,11.48,broken clouds
703,Xintai,CN,35.9006,117.7519,82.89,78,100,8.59,overcast clouds
704,Talnakh,RU,69.4865,88.3972,56.21,54,100,4.34,overcast clouds
705,Malakal,SS,9.5334,31.6605,71.58,97,100,4.92,moderate rain
706,Lyuban,BY,52.7985,28.0048,72.64,65,93,12.37,overcast clouds
707,Yabrud,SY,33.9674,36.6574,73.81,37,0,4.03,clear sky
708,Akdepe,TM,42.0551,59.3788,84.29,25,0,14.56,clear sky
709,Ilebo,CD,-4.3167,20.5833,86.0,29,70,2.08,broken clouds
710,Aiquile,BO,-18.2041,-65.1807,77.11,26,31,5.84,scattered clouds
711,Metro,ID,-5.1131,105.3067,75.43,92,98,2.73,overcast clouds
